created,duplicate_of,extension,file_hash,file_name,full_path,host,is_duplicate,last_accessed,last_modified,os,os_version,parent_folder,responsible_party,root_folder,scan_timestamp,size_bytes,subrole,username
2025-11-03T21:07:53.780000,,.md,d8526d31523ad6025b3a6e28a4fa1ff505f41d832b5f1b68fc2cb6661980d908,ne_xu_s_social_media_hub_smh_scope_build_plan.md,.\ne_xu_s_social_media_hub_smh_scope_build_plan.md,Envy2-0,False,2025-11-05T21:32:44,2025-11-03T21:07:53.780000,Windows,10.0.26200,.,Unknown,.,2025-11-08T02:26:20.033828,8905,content_asset,trcam
2025-11-03T21:08:42.100000,,.md,840230aabf169b08a49e863e613953a57e8baefa0f23ef1025cc1dd527a1984f,smh_dev_build_instructions_v_1.md,.\smh_dev_build_instructions_v_1.md,Envy2-0,False,2025-11-05T21:32:42,2025-11-03T21:08:42.100000,Windows,10.0.26200,.,Unknown,.,2025-11-08T02:26:21.165553,10803,content_asset,trcam
2025-11-03T23:52:22.650000,,.html,a337dfcdd9c985116fcb3fae33604b3c06e9d48c283f9f1de80e4c432e4bf4e2,dashboard.html,.\dashboard.html,Envy2-0,False,2025-11-05T21:32:42,2025-11-03T23:52:22.650000,Windows,10.0.26200,.,Unknown,.,2025-11-08T02:26:21.233027,1709,ui_core,trcam
2025-11-04T19:25:56.430000,,.html,a491eeb56aa1194b13292f8365c89bded5f52b6e229339d08e477a58823c4488,aero_vista_nxcore_static_dashboard_dashboard.html,.\aero_vista_nxcore_static_dashboard_dashboard.html,Envy2-0,False,2025-11-05T21:32:44,2025-11-04T19:25:56.430000,Windows,10.0.26200,.,Unknown,.,2025-11-08T02:26:21.303975,13746,ui_core,trcam
2025-11-04T20:53:48.380000,,.py,68af4bc1817c15c937db6d57f8fcd504b8eaa53aba5ba3ca6e106bc895ca4983,nxcore_dashboard.py,.\nxcore_dashboard.py,Envy2-0,False,2025-11-05T21:32:42,2025-11-04T20:53:48.380000,Windows,10.0.26200,.,Unknown,.,2025-11-08T02:26:21.388590,2559,general,trcam
2025-11-04T21:00:18.450000,,.ps1,b3289be870083de01e4e1bf2d68ada2a2190060042d8a8fbef97e9b16cf597c2,deploy-dashboard.ps1,.\deploy-dashboard.ps1,Envy2-0,False,2025-11-05T21:32:44,2025-11-04T21:00:18.450000,Windows,10.0.26200,.,Unknown,.,2025-11-08T02:26:21.442682,3021,general,trcam
2025-11-04T21:00:18.450000,,.sh,773cbc54985239f240fae19b9482316d63ad8c66ae17d078f4013d9e4663af17,transfer-dashboard.sh,.\transfer-dashboard.sh,Envy2-0,False,2025-11-05T21:32:44,2025-11-04T21:00:18.450000,Windows,10.0.26200,.,Unknown,.,2025-11-08T02:26:21.509907,1593,general,trcam
2025-11-04T21:00:18.450000,,.sh,b920c4d5baf6cca01370704e346efd775cc541571183ac8b96aaf28f29cc5880,deploy-on-server.sh,.\deploy-on-server.sh,Envy2-0,False,2025-11-05T21:32:42,2025-11-04T21:00:18.450000,Windows,10.0.26200,.,Unknown,.,2025-11-08T02:26:21.566436,2114,general,trcam
2025-11-04T21:00:18.470000,,.md,9f1997072e97f5a74c5665fff3072628fa4d49bfc6492dc213938b5570f69b9d,DEPLOY-README.md,.\DEPLOY-README.md,Envy2-0,False,2025-11-05T21:32:42,2025-11-04T21:00:18.470000,Windows,10.0.26200,.,Unknown,.,2025-11-08T02:26:21.613499,1946,content_asset,trcam
2025-11-04T21:29:38.090000,,.sh,1047344ae8a3195a387468930c920ecb2eb86f8b3f79adf04c1ab979fe6ca8e7,autostart-dashboard.sh,.\autostart-dashboard.sh,Envy2-0,False,2025-11-04T21:29:56,2025-11-04T21:29:38.090000,Windows,10.0.26200,.,Unknown,.,2025-11-08T02:26:21.664083,520,general,trcam
2025-11-08T00:03:42,,.md,0ab10ca4b9ae628ad70dcd5e262ed1d6dcb8dca3b0f1c240fbdf34ae795d6e90,EOD_REPORT.md,.\EOD_REPORT.md,Envy2-0,False,2025-11-08T00:03:42,2025-11-08T00:03:42,Windows,10.0.26200,.,Unknown,.,2025-11-08T02:26:21.709285,11596,content_asset,trcam
2025-11-08T01:20:28,,.md,6d6fca98167babd7e4001fee2b2207ca0d36436df76e49a2f1308696d90cd930,update_report.md,.\update_report.md,Envy2-0,False,2025-11-08T01:20:28,2025-11-08T01:20:28.510000,Windows,10.0.26200,.,Unknown,.,2025-11-08T02:26:21.758489,1101,content_asset,trcam
2025-11-04T08:19:35.720000,,.md,12df5ce6868fc079104770405d0205e6386c427db27410b6cacf6e45ed94c085,aerovista-ecosystem-priority-plan-9cd71b7e.plan.md,.\Post-Its\aerovista-ecosystem-priority-plan-9cd71b7e.plan.md,Envy2-0,False,2025-11-06T22:29:26,2025-11-04T08:19:35.720000,Windows,10.0.26200,Post-Its,AeroVista,.,2025-11-08T02:26:21.883672,20730,content_asset,trcam
2025-11-07T17:55:51.380000,,.txt,d53a3183df0e5c0975be47fda69eddefc65353973a80099f43ea6b60da8bc698,AeroVista’s Facebook (Meta) Page.txt,.\Post-Its\AeroVista’s Facebook (Meta) Page.txt,Envy2-0,False,2025-11-08T02:17:40,2025-11-07T17:55:51.380000,Windows,10.0.26200,Post-Its,AeroVista,.,2025-11-08T02:26:21.937071,8783,content_asset,trcam
2025-11-07T01:05:24.860000,,.html,6a9471407e20115f18dfecd703055c28a376fc436921812a07dd2959c6a5417b,All_In_Status_Report.html,.\Post-Its\All_In_Status_Report.html,Envy2-0,False,2025-11-08T01:32:42,2025-11-07T01:05:24.860000,Windows,10.0.26200,Post-Its,Unknown,.,2025-11-08T02:26:21.976550,1560175,ui_core,trcam
2025-11-04T00:12:14.140000,,.rtf,c0a98de8d4607ae819d203f8c8870d792569e5f82ed97c94fba11e771e9ba4d5,Comprehensive Handoff Report .rtf,.\Post-Its\Comprehensive Handoff Report .rtf,Envy2-0,False,2025-11-06T22:29:26,2025-11-04T00:12:14.140000,Windows,10.0.26200,Post-Its,Unknown,.,2025-11-08T02:26:22.241450,467813,general,trcam
2025-11-04T07:22:57.500000,,.md,9ab89d1a6ddb2b5fbbf8d10896cddfd9face63ac3d8e82293245e29e07adb686,EOD-REPORT.md,.\Post-Its\EOD-REPORT.md,Envy2-0,False,2025-11-06T13:28:38,2025-11-04T07:22:57.500000,Windows,10.0.26200,Post-Its,Unknown,.,2025-11-08T02:26:22.384758,11933,content_asset,trcam
2025-11-04T11:04:22.460000,,.md,2149e008f7f5ebfe3c46d2db38bfec0cfc8aa7c1097e408f46b454eaa19beb09,EOD_2025-11-04_NXCore-Dash (1).md,.\Post-Its\EOD_2025-11-04_NXCore-Dash (1).md,Envy2-0,False,2025-11-06T22:29:26,2025-11-04T11:04:22.460000,Windows,10.0.26200,Post-Its,Unknown,.,2025-11-08T02:26:22.432581,2235,content_asset,trcam
2025-11-04T00:16:24.840000,.\Post-Its\EOD_2025-11-04_NXCore-Dash (1).md,.md,2149e008f7f5ebfe3c46d2db38bfec0cfc8aa7c1097e408f46b454eaa19beb09,EOD_2025-11-04_NXCore-Dash.md,.\Post-Its\EOD_2025-11-04_NXCore-Dash.md,Envy2-0,True,2025-11-06T22:29:26,2025-11-04T00:16:24.840000,Windows,10.0.26200,Post-Its,Unknown,.,2025-11-08T02:26:22.469063,2235,content_asset,trcam
2025-11-03T19:04:00.540000,,.md,b2c6c787d8713d0ed495db9f4e0b094d1deaa8e5bde27f35ea0b90c309ca9ced,EOD_Report_Seeding Protocol_2025-11-03.md,.\Post-Its\EOD_Report_Seeding Protocol_2025-11-03.md,Envy2-0,False,2025-11-06T22:29:26,2025-11-03T19:04:00.540000,Windows,10.0.26200,Post-Its,Unknown,.,2025-11-08T02:26:22.495505,3981,content_asset,trcam
2025-11-06T22:17:32.520000,,.md,24858c2eedf42d4f5943c4573efcdbbca598a28cc2bb136d2802f65c92296e4b,eod_status_report.md,.\Post-Its\eod_status_report.md,Envy2-0,False,2025-11-06T22:29:26,2025-11-06T22:17:32.520000,Windows,10.0.26200,Post-Its,Unknown,.,2025-11-08T02:26:22.532794,1864,content_asset,trcam
2025-11-04T00:09:41.130000,,.rtf,a1a0f96fbe1e92adc7c79f1358088fe819bfa3df6177e6830ca3bac8ef0f2593,NXCore Critical Fixes.rtf,.\Post-Its\NXCore Critical Fixes.rtf,Envy2-0,False,2025-11-06T22:29:26,2025-11-04T00:09:41.130000,Windows,10.0.26200,Post-Its,Unknown,.,2025-11-08T02:26:22.568566,56328,general,trcam
2025-11-04T00:08:41.910000,,.rtf,00828cdadf8563e75a6fd9a846032c1a9472156df58d23625f9eb914b6a9deb3,NXCore Traefik Critical Fixes.rtf,.\Post-Its\NXCore Traefik Critical Fixes.rtf,Envy2-0,False,2025-11-06T22:29:26,2025-11-04T00:08:41.910000,Windows,10.0.26200,Post-Its,Unknown,.,2025-11-08T02:26:22.680045,56294,general,trcam
2025-11-04T00:32:48.010000,,.html,1c51fd42c65ac8ae40fba7efa97e44922e9bacb44ac3c1c2ceefd971627edeb5,nxcore_interactive_plan_dev_client_walkthrough.html,.\Post-Its\nxcore_interactive_plan_dev_client_walkthrough.html,Envy2-0,False,2025-11-06T20:38:00,2025-11-04T00:32:48.010000,Windows,10.0.26200,Post-Its,Unknown,.,2025-11-08T02:26:22.742717,19169,ui_core,trcam
2025-11-04T00:03:05.830000,,.rtf,45c054fbc208359c4c3b7d2003e65b9e493c8b8706276489af6591503f590c64,Overall Status Report.rtf,.\Post-Its\Overall Status Report.rtf,Envy2-0,False,2025-11-06T22:29:26,2025-11-04T00:03:05.830000,Windows,10.0.26200,Post-Its,Unknown,.,2025-11-08T02:26:22.811075,93494,general,trcam
2025-11-04T08:05:55.300000,,.md,dac01453707629a866a3648d1f8e00b0cb47e810272b8d7d95b7dc692b05a366,prior1.insights.md,.\Post-Its\prior1.insights.md,Envy2-0,False,2025-11-06T22:29:26,2025-11-04T08:05:55.300000,Windows,10.0.26200,Post-Its,Unknown,.,2025-11-08T02:26:22.882442,9706,content_asset,trcam
2025-11-04T00:19:21.460000,,.rtf,fc77382bbeb9aefb6ce8a790c126e079b63a066485778c4575f7824d4f774914,Seeding Protocol EOD.rtf,.\Post-Its\Seeding Protocol EOD.rtf,Envy2-0,False,2025-11-06T22:29:26,2025-11-04T00:19:21.460000,Windows,10.0.26200,Post-Its,Unknown,.,2025-11-08T02:26:22.933504,105889,general,trcam
2025-11-06T15:31:39.950000,,.rtf,bd6966c8ed7e5ac8804d9851cc0bea1aee26d852d8dab329f44d21d4e093b066,seeding protocols.rtf,.\Post-Its\seeding protocols.rtf,Envy2-0,False,2025-11-06T15:32:34,2025-11-06T15:31:39.950000,Windows,10.0.26200,Post-Its,Unknown,.,2025-11-08T02:26:23.004915,387868,general,trcam
2025-11-04T06:29:59.660000,,.zip,a9f97af13d2ab0c3a398c8bed6261ac53cf73cb293ee97bc6874dab745bc681d,The_Art_Localized_Phase2_Pack_AVHQ.zip,.\Post-Its\The_Art_Localized_Phase2_Pack_AVHQ.zip,Envy2-0,False,2025-11-06T13:28:22,2025-11-04T06:29:59.660000,Windows,10.0.26200,Post-Its,Unknown,.,2025-11-08T02:26:23.166673,3307,general,trcam
2025-11-04T08:24:16.750000,,.rtf,51f62352ec0f225258ebb30f9eb169c5fe2f0fd3fcb6201448bd9bb7d0663634,~$eding protocols.rtf,.\Post-Its\~$eding protocols.rtf,Envy2-0,False,2025-11-07T13:12:58,2025-11-04T08:24:16.750000,Windows,10.0.26200,Post-Its,Unknown,.,2025-11-08T02:26:23.209316,162,general,trcam
2025-11-04T00:01:37.060000,,.rtf,6df3ebaecb0d194caa4bb11ca92c4f05403cc9b565c19438f8276ff79248f096,📊 CURRENT STATUS AUDIT.rtf,.\Post-Its\📊 CURRENT STATUS AUDIT.rtf,Envy2-0,False,2025-11-07T13:12:58,2025-11-04T00:01:37.060000,Windows,10.0.26200,Post-Its,Unknown,.,2025-11-08T02:26:23.247021,99927,general,trcam
2025-11-04T08:36:57.010000,,.md,44df1d25bf79db7ec7cf0cd2f418c48f34197af128122a5251319d2f5703c172,aerovista-ecosystem-priority-plan-9cd71b7e.plan.md,.\Post-Its\.cursor\plans\aerovista-ecosystem-priority-plan-9cd71b7e.plan.md,Envy2-0,False,2025-11-06T13:28:22,2025-11-04T08:36:57.010000,Windows,10.0.26200,plans,AeroVista,.,2025-11-08T02:26:23.372339,17773,content_asset,trcam
2025-11-06T22:56:01.550000,,.html,52e1945d6b7c215a64b962f4e074d8be4a66e61ee51189b6dd7100ce630f4c45,All_In_Status_Report_Part1.html,.\Post-Its\archive.11.6.25\All_In_Status_Report_Part1.html,Envy2-0,False,2025-11-06T22:58:26,2025-11-06T22:56:01.550000,Windows,10.0.26200,archive.11.6.25,Unknown,.,2025-11-08T02:26:23.431635,1246258,ui_core,trcam
2025-11-06T22:56:56.270000,,.html,0b4ee092a061b8a9390de543a2f9042871cf1ae0bcea3c0c578d83becaac8033,All_In_Status_Report_Part2.html,.\Post-Its\archive.11.6.25\All_In_Status_Report_Part2.html,Envy2-0,False,2025-11-06T22:58:26,2025-11-06T22:56:56.270000,Windows,10.0.26200,archive.11.6.25,Unknown,.,2025-11-08T02:26:23.627147,229461,ui_core,trcam
2025-11-06T22:58:10.310000,,.html,7b76464bd4e5290164a68abed7bc3c51edda91242c4354c1276d4aa342bf9519,All_In_Status_Report_Part3.html,.\Post-Its\archive.11.6.25\All_In_Status_Report_Part3.html,Envy2-0,False,2025-11-06T22:58:26,2025-11-06T22:58:10.310000,Windows,10.0.26200,archive.11.6.25,Unknown,.,2025-11-08T02:26:23.712671,77727,ui_core,trcam
2025-11-04T14:51:40,,.md,d111963f269be1331ec076bfed0a9a3860702190de11943af0d2159387994fb0,conversion-plan.md,.\Post-Its\New folder\conversion-plan.md,Envy2-0,False,2025-11-06T22:29:26,2025-11-04T14:51:40,Windows,10.0.26200,New folder,Unknown,.,2025-11-08T02:26:23.791011,1061,content_asset,trcam
2025-11-04T14:51:40,,.md,5194392094e3246e21a7788a5ce48fab7afdd508c78ccc305ab460a535af4a31,ecosystem-integration.md,.\Post-Its\New folder\ecosystem-integration.md,Envy2-0,False,2025-11-06T22:29:26,2025-11-04T14:51:40,Windows,10.0.26200,New folder,Unknown,.,2025-11-08T02:26:23.828610,900,content_asset,trcam
2025-11-04T14:51:40,,.md,6f989e2b33f6e52c084498c279de20e4ec26a5c38f6c37a4429ea58dca096ba9,marketplace-framework.md,.\Post-Its\New folder\marketplace-framework.md,Envy2-0,False,2025-11-06T13:28:38,2025-11-04T14:51:40,Windows,10.0.26200,New folder,Unknown,.,2025-11-08T02:26:23.861503,1007,content_asset,trcam
2025-11-04T14:51:40,,.md,b2998972ee47b7ccd2764412d1d437ee5e298be384310b148f63b7525690ab48,phase4-handoff-checklist.md,.\Post-Its\New folder\phase4-handoff-checklist.md,Envy2-0,False,2025-11-06T22:29:26,2025-11-04T14:51:40,Windows,10.0.26200,New folder,Unknown,.,2025-11-08T02:26:23.894147,628,content_asset,trcam
2025-11-04T14:51:40,,.pdf,938dea7511d153623b8d9e1c9259f829ddd5bcbc8eee6105d099edfaa54d21a9,phase4-overview.pdf,.\Post-Its\New folder\phase4-overview.pdf,Envy2-0,False,2025-11-06T22:58:10,2025-11-04T14:51:40,Windows,10.0.26200,New folder,Unknown,.,2025-11-08T02:26:23.975831,1950,general,trcam
2025-11-04T08:47:31.870000,,.md,d800bb370511a6f5c0d666b04d94546283d174a3ec06fb86a443396b3352d7fd,CHECKLIST.md,.\Post-Its\nxcore-deployment\CHECKLIST.md,Envy2-0,False,2025-11-06T13:28:22,2025-11-04T08:47:31.870000,Windows,10.0.26200,nxcore-deployment,Unknown,.,2025-11-08T02:26:24.059142,4706,content_asset,trcam
2025-11-06T13:38:43.680000,,.md,7d998229523978b6214fb5dbf39994d7867cae7ad40541ba7d8887e58154525b,COMPLETE-FILE-LIST.md,.\Post-Its\nxcore-deployment\COMPLETE-FILE-LIST.md,Envy2-0,False,2025-11-06T13:38:48,2025-11-06T13:38:43.680000,Windows,10.0.26200,nxcore-deployment,Unknown,.,2025-11-08T02:26:24.101745,7797,content_asset,trcam
2025-11-04T08:47:31.840000,,.example,d1772234bb6b7e7de946eb21145c508380e27078ad6b570728f5a3fe9ff6da16,compose-authelia.yml.example,.\Post-Its\nxcore-deployment\compose-authelia.yml.example,Envy2-0,False,2025-11-06T13:28:22,2025-11-04T08:47:31.840000,Windows,10.0.26200,nxcore-deployment,Unknown,.,2025-11-08T02:26:24.152692,776,general,trcam
2025-11-04T08:47:31.840000,,.example,3c9924e6fd67bd3cf1745af71f776af863554cabf630eddc6848ce282508cfd3,compose-grafana.yml.example,.\Post-Its\nxcore-deployment\compose-grafana.yml.example,Envy2-0,False,2025-11-06T13:28:22,2025-11-04T08:47:31.840000,Windows,10.0.26200,nxcore-deployment,Unknown,.,2025-11-08T02:26:24.190475,880,general,trcam
2025-11-04T08:47:31.850000,,.example,24e046b0becefb1eb9053c3c51591364cdb33d1788f903852aff5265a253aa0e,compose-n8n.yml.example,.\Post-Its\nxcore-deployment\compose-n8n.yml.example,Envy2-0,False,2025-11-06T13:28:22,2025-11-04T08:47:31.850000,Windows,10.0.26200,nxcore-deployment,Unknown,.,2025-11-08T02:26:24.231351,728,general,trcam
2025-11-04T08:47:31.830000,,.yml,2bb7141583d67135e3ebae99a19c3faec367eef501d20753c3f8ce6405d14ecd,compose-portainer.yml,.\Post-Its\nxcore-deployment\compose-portainer.yml,Envy2-0,False,2025-11-06T13:28:22,2025-11-04T08:47:31.830000,Windows,10.0.26200,nxcore-deployment,Unknown,.,2025-11-08T02:26:24.266271,992,general,trcam
2025-11-04T08:47:31.830000,,.yml,08576f7a794ff4761b4128ad6646e84fce3a21a4092d83f3c9f258d1981c64f0,compose-traefik.yml,.\Post-Its\nxcore-deployment\compose-traefik.yml,Envy2-0,False,2025-11-06T13:28:22,2025-11-04T08:47:31.830000,Windows,10.0.26200,nxcore-deployment,Unknown,.,2025-11-08T02:26:24.307589,1192,general,trcam
2025-11-04T09:35:57.320000,,.sh,14bf9b418c83089e6d6a9f183a7c142fc74e4ae2e57a503a98552d6dd4e0f483,deploy-all-enhanced.sh,.\Post-Its\nxcore-deployment\deploy-all-enhanced.sh,Envy2-0,False,2025-11-06T13:28:24,2025-11-04T09:35:57.320000,Windows,10.0.26200,nxcore-deployment,Unknown,.,2025-11-08T02:26:24.344808,7010,general,trcam
2025-11-04T09:35:57.320000,,.sh,b83b4568f7197441a77bf707a20ea4ab553648d74c110bbcccfa4f92bfb30c61,deploy-all.sh,.\Post-Its\nxcore-deployment\deploy-all.sh,Envy2-0,False,2025-11-06T13:28:22,2025-11-04T09:35:57.320000,Windows,10.0.26200,nxcore-deployment,Unknown,.,2025-11-08T02:26:24.390133,3556,general,trcam
2025-11-06T13:38:48.530000,,.md,cac39322067ff8b8d7bbab4582a2ccd02222372d95836149c70e5c3050a9513c,DEPLOYMENT-FILE-MANIFEST.md,.\Post-Its\nxcore-deployment\DEPLOYMENT-FILE-MANIFEST.md,Envy2-0,False,2025-11-06T13:39:44,2025-11-06T13:38:48.530000,Windows,10.0.26200,nxcore-deployment,Unknown,.,2025-11-08T02:26:24.436358,6462,content_asset,trcam
2025-11-04T09:35:57.330000,,.md,2ef520de879e0dd324c70941354b7b9e27473f5dd63c6be600cb272599003f7c,DEPLOYMENT-GUIDE.md,.\Post-Its\nxcore-deployment\DEPLOYMENT-GUIDE.md,Envy2-0,False,2025-11-06T13:28:24,2025-11-04T09:35:57.330000,Windows,10.0.26200,nxcore-deployment,Unknown,.,2025-11-08T02:26:24.474283,7411,content_asset,trcam
2025-11-04T09:28:33.060000,,.md,cf4198d4d59ed68190da5d8818bf27970d8b245135e6be4a3afd424f8f8427c4,DEPLOYMENT-PACKAGE-VERIFICATION.md,.\Post-Its\nxcore-deployment\DEPLOYMENT-PACKAGE-VERIFICATION.md,Envy2-0,False,2025-11-06T13:28:24,2025-11-04T09:28:33.060000,Windows,10.0.26200,nxcore-deployment,Unknown,.,2025-11-08T02:26:24.515084,1408,content_asset,trcam
2025-11-04T09:35:57.340000,,.md,d092fadfb4869bc05ae5ed5244802c73f0708f4fd0991e218d90e8045afb4dca,DEPLOYMENT-READINESS-SUMMARY.md,.\Post-Its\nxcore-deployment\DEPLOYMENT-READINESS-SUMMARY.md,Envy2-0,False,2025-11-06T13:28:24,2025-11-04T09:35:57.340000,Windows,10.0.26200,nxcore-deployment,Unknown,.,2025-11-08T02:26:24.557972,3306,content_asset,trcam
2025-11-04T08:47:31.860000,,.md,b77998fa5532a00e550b0054cd82cef9c5530c5d035b6a55817f103a300f6bde,DEPLOYMENT-SUMMARY.md,.\Post-Its\nxcore-deployment\DEPLOYMENT-SUMMARY.md,Envy2-0,False,2025-11-06T13:28:22,2025-11-04T08:47:31.860000,Windows,10.0.26200,nxcore-deployment,Unknown,.,2025-11-08T02:26:24.597269,6981,content_asset,trcam
2025-11-05T14:10:48.450000,,.md,08825612fa1039dcb03ae7d416f8f29eb2c3aa3c7bd26106a06bb48282675c20,DEPLOYMENT-TEAM-HANDOFF.md,.\Post-Its\nxcore-deployment\DEPLOYMENT-TEAM-HANDOFF.md,Envy2-0,False,2025-11-06T14:59:46,2025-11-05T14:10:48.450000,Windows,10.0.26200,nxcore-deployment,Unknown,.,2025-11-08T02:26:24.641127,6208,content_asset,trcam
2025-11-05T14:10:48.450000,,.md,2ff1d84ff47846c77f484f1ef5c59ae5842e2eb23011b06949abb1cb406ef43b,DEPLOYMENT-TODO-LIST.md,.\Post-Its\nxcore-deployment\DEPLOYMENT-TODO-LIST.md,Envy2-0,False,2025-11-06T14:59:46,2025-11-05T14:10:48.450000,Windows,10.0.26200,nxcore-deployment,Unknown,.,2025-11-08T02:26:24.675927,7733,content_asset,trcam
2025-11-04T08:47:31.820000,,.yml,e206cf41a7f66b08ddf3067c9a75a6d474c3ce21d6e16e6f5d73215ffd0a76da,dynamic.yml,.\Post-Its\nxcore-deployment\dynamic.yml,Envy2-0,False,2025-11-06T13:28:22,2025-11-04T08:47:31.820000,Windows,10.0.26200,nxcore-deployment,Unknown,.,2025-11-08T02:26:24.714145,843,general,trcam
2025-11-04T09:12:47.490000,,.md,e84e048271d8736ec5a8fb19a02fcbb9259cb38fb4e1353074fd421181cb5bc5,ENHANCEMENTS.md,.\Post-Its\nxcore-deployment\ENHANCEMENTS.md,Envy2-0,False,2025-11-06T13:28:24,2025-11-04T09:12:47.490000,Windows,10.0.26200,nxcore-deployment,Unknown,.,2025-11-08T02:26:24.747854,5105,content_asset,trcam
2025-11-05T14:10:48.450000,,.md,01fdb24311313182e03a1ee3a31c0180b3d1bbb1469d87ae06f97b5c811f60e9,FILE-CHANGES-REVIEW.md,.\Post-Its\nxcore-deployment\FILE-CHANGES-REVIEW.md,Envy2-0,False,2025-11-06T14:59:44,2025-11-05T14:10:48.450000,Windows,10.0.26200,nxcore-deployment,Unknown,.,2025-11-08T02:26:24.807009,4337,content_asset,trcam
2025-11-06T13:39:44.530000,,.txt,ef649bd1701c7264a8e4e51f78a5b3fb4a4981423f80282d59e47f6c5122c027,FILES-TO-TRANSFER.txt,.\Post-Its\nxcore-deployment\FILES-TO-TRANSFER.txt,Envy2-0,False,2025-11-06T13:42:02,2025-11-06T13:39:44.530000,Windows,10.0.26200,nxcore-deployment,Unknown,.,2025-11-08T02:26:24.848924,2044,content_asset,trcam
2025-11-04T09:15:02.020000,,.md,85b715c86956fcfd38b1219718e6dcf5aab6b366a0cdccb0fc549587e1403935,FINAL-IMPLEMENTATION-SUMMARY.md,.\Post-Its\nxcore-deployment\FINAL-IMPLEMENTATION-SUMMARY.md,Envy2-0,False,2025-11-06T13:28:24,2025-11-04T09:15:02.020000,Windows,10.0.26200,nxcore-deployment,Unknown,.,2025-11-08T02:26:24.893700,7829,content_asset,trcam
2025-11-04T09:35:57.310000,,.sh,632839848f57e5fa64be4acdd437dffcd1a57e28e6ca881b8201a40efb183682,generate-manifest.sh,.\Post-Its\nxcore-deployment\generate-manifest.sh,Envy2-0,False,2025-11-06T13:28:24,2025-11-04T09:35:57.310000,Windows,10.0.26200,nxcore-deployment,Unknown,.,2025-11-08T02:26:24.932657,2039,general,trcam
2025-11-05T14:10:48.470000,,.md,c8c0bedf08ca0ae02c2077aa91d6b24798166f60b5f93ee0eca08a7ea2e73b42,HANDOFF-INDEX.md,.\Post-Its\nxcore-deployment\HANDOFF-INDEX.md,Envy2-0,False,2025-11-06T14:59:42,2025-11-05T14:10:48.470000,Windows,10.0.26200,nxcore-deployment,Unknown,.,2025-11-08T02:26:24.981436,5769,content_asset,trcam
2025-11-05T14:10:48.460000,,.md,653b6fc3f3cf66850cf184760063d930d1fbb35b5c7ccd9f207e2db60e8a3ee1,HANDOFF-PACKAGE.md,.\Post-Its\nxcore-deployment\HANDOFF-PACKAGE.md,Envy2-0,False,2025-11-06T14:59:42,2025-11-05T14:10:48.460000,Windows,10.0.26200,nxcore-deployment,Unknown,.,2025-11-08T02:26:25.016934,6262,content_asset,trcam
2025-11-04T09:35:57.360000,,.md,543c91b970699e033aa9514b11589099dd94749dfcfcf3dc6bafd786dfd362dc,IMPLEMENTATION-STATUS.md,.\Post-Its\nxcore-deployment\IMPLEMENTATION-STATUS.md,Envy2-0,False,2025-11-06T13:28:24,2025-11-04T09:35:57.360000,Windows,10.0.26200,nxcore-deployment,Unknown,.,2025-11-08T02:26:25.059413,5167,content_asset,trcam
2025-11-04T09:35:57.320000,,.sh,96304960015928cb005ed26000e46265c9dfd78221ed9566363db6099f7b9ab1,observability-hook.sh,.\Post-Its\nxcore-deployment\observability-hook.sh,Envy2-0,False,2025-11-06T13:28:24,2025-11-04T09:35:57.320000,Windows,10.0.26200,nxcore-deployment,Unknown,.,2025-11-08T02:26:25.099329,3556,general,trcam
2025-11-04T09:35:57.230000,,.sh,6bcca375a77ef9fccd567d185a32249af2bd1d27e35143fe59f39b3e665341ec,phase0-preflight.sh,.\Post-Its\nxcore-deployment\phase0-preflight.sh,Envy2-0,False,2025-11-06T13:28:20,2025-11-04T09:35:57.230000,Windows,10.0.26200,nxcore-deployment,Unknown,.,2025-11-08T02:26:25.143419,3141,general,trcam
2025-11-04T09:35:57.360000,,.md,f5f00bfd78360c2c52674dc56fff0fccc60bbab87fea1889baf56198f3ba1520,PHASE1-COMPLETION-LOG.md,.\Post-Its\nxcore-deployment\PHASE1-COMPLETION-LOG.md,Envy2-0,False,2025-11-06T13:28:24,2025-11-04T09:35:57.360000,Windows,10.0.26200,nxcore-deployment,Unknown,.,2025-11-08T02:26:25.184251,3969,content_asset,trcam
2025-11-05T14:10:48.490000,,.md,216b72c9ea7b3d93fd1676b6cf278fdfe49f6132e480141cb649acd5a9714cc2,PHASE1-HANDOFF-COMPLETE.md,.\Post-Its\nxcore-deployment\PHASE1-HANDOFF-COMPLETE.md,Envy2-0,False,2025-11-06T14:59:48,2025-11-05T14:10:48.490000,Windows,10.0.26200,nxcore-deployment,Unknown,.,2025-11-08T02:26:25.224410,4966,content_asset,trcam
2025-11-05T14:10:48.480000,,.md,c9af94eca8b2cb2568d4586e30a37130f8e7104865a093023a25b16a66618110,PHASE1-HANDOFF-FINAL.md,.\Post-Its\nxcore-deployment\PHASE1-HANDOFF-FINAL.md,Envy2-0,False,2025-11-06T14:59:46,2025-11-05T14:10:48.480000,Windows,10.0.26200,nxcore-deployment,Unknown,.,2025-11-08T02:26:25.276188,8992,content_asset,trcam
2025-11-05T14:10:48.470000,,.md,52bdd5138ace6a0c64a27531e199ebd88e5621dc9728f455cf4be971793e171c,PHASE1-HANDOFF-SUMMARY.md,.\Post-Its\nxcore-deployment\PHASE1-HANDOFF-SUMMARY.md,Envy2-0,False,2025-11-06T14:59:46,2025-11-05T14:10:48.470000,Windows,10.0.26200,nxcore-deployment,Unknown,.,2025-11-08T02:26:25.314861,4822,content_asset,trcam
2025-11-04T09:35:57.360000,,.md,56b1a1acc823fb3570edaefed38cfbefca78be08053b78e0a75fef98c041ec5f,PHASE1-POLISH-COMPLETE.md,.\Post-Its\nxcore-deployment\PHASE1-POLISH-COMPLETE.md,Envy2-0,False,2025-11-06T13:28:22,2025-11-04T09:35:57.360000,Windows,10.0.26200,nxcore-deployment,Unknown,.,2025-11-08T02:26:25.355758,4059,content_asset,trcam
2025-11-04T09:35:57.310000,,.sh,14e60f5b39c8ad105cbdbb093a84e785124e87e3dcd180e0d1f33387edcebc38,phase1-setup.sh,.\Post-Its\nxcore-deployment\phase1-setup.sh,Envy2-0,False,2025-11-06T13:28:22,2025-11-04T09:35:57.310000,Windows,10.0.26200,nxcore-deployment,Unknown,.,2025-11-08T02:26:25.399069,2452,general,trcam
2025-11-04T09:35:57.310000,,.sh,8f6f9226c812bfaf476bf122213f7c9ff31991ddbafef43a2873909d846ad8a6,phase4-acme.sh,.\Post-Its\nxcore-deployment\phase4-acme.sh,Envy2-0,False,2025-11-06T13:28:22,2025-11-04T09:35:57.310000,Windows,10.0.26200,nxcore-deployment,Unknown,.,2025-11-08T02:26:25.443748,2465,general,trcam
2025-11-04T09:35:57.310000,,.sh,90b83cd7280c928645322e673e0cf704c1f757df7fabb8f3f5ed96c49c5dc9dc,phase5-validation.sh,.\Post-Its\nxcore-deployment\phase5-validation.sh,Envy2-0,False,2025-11-06T13:28:22,2025-11-04T09:35:57.310000,Windows,10.0.26200,nxcore-deployment,Unknown,.,2025-11-08T02:26:25.500118,4203,general,trcam
2025-11-04T09:35:57.320000,,.sh,33b64257a8627e82cc2f5f499ef651d82e85dcd6b2568ac560550efcd95cd97b,post-deployment-validation.sh,.\Post-Its\nxcore-deployment\post-deployment-validation.sh,Envy2-0,False,2025-11-06T13:28:24,2025-11-04T09:35:57.320000,Windows,10.0.26200,nxcore-deployment,Unknown,.,2025-11-08T02:26:25.544073,4923,general,trcam
2025-11-04T09:35:57.340000,,.md,c2dd1e3683b2577e26957e904101d10c6efd9bcf6e8aa872132c0c02b9df96d5,POST-DEPLOYMENT-VERIFICATION.md,.\Post-Its\nxcore-deployment\POST-DEPLOYMENT-VERIFICATION.md,Envy2-0,False,2025-11-06T13:28:24,2025-11-04T09:35:57.340000,Windows,10.0.26200,nxcore-deployment,Unknown,.,2025-11-08T02:26:25.591912,9434,content_asset,trcam
2025-11-04T09:35:57.340000,,.md,564685009b5fadf586b663eefbe512f7694d378bdda388a3a63dc08089050f2c,PRE-DEPLOYMENT-CHECKLIST.md,.\Post-Its\nxcore-deployment\PRE-DEPLOYMENT-CHECKLIST.md,Envy2-0,False,2025-11-06T13:28:24,2025-11-04T09:35:57.340000,Windows,10.0.26200,nxcore-deployment,Unknown,.,2025-11-08T02:26:25.636617,6007,content_asset,trcam
2025-11-04T09:35:57.340000,,.md,26dff4f5ad104587e8d9a9e4c98969e6bc3628b70f9d0e5b00dbdf148f08e89d,QUICK-START.md,.\Post-Its\nxcore-deployment\QUICK-START.md,Envy2-0,False,2025-11-06T13:28:22,2025-11-04T09:35:57.340000,Windows,10.0.26200,nxcore-deployment,Unknown,.,2025-11-08T02:26:25.673005,2494,content_asset,trcam
2025-11-05T14:10:48.470000,,.md,1ed6531f12037817b89aca11728a452d59562c2dbf7d0e33f16558e3e01cc140,README-HANDOFF.md,.\Post-Its\nxcore-deployment\README-HANDOFF.md,Envy2-0,False,2025-11-06T14:59:46,2025-11-05T14:10:48.470000,Windows,10.0.26200,nxcore-deployment,Unknown,.,2025-11-08T02:26:25.716382,4228,content_asset,trcam
2025-11-04T09:35:57.330000,,.md,ea46d821b93f9f14ce2eb564c47c9f11d140f96b957f6bd75d428ab895395477,README.md,.\Post-Its\nxcore-deployment\README.md,Envy2-0,False,2025-11-06T13:28:22,2025-11-04T09:35:57.330000,Windows,10.0.26200,nxcore-deployment,Unknown,.,2025-11-08T02:26:25.758973,7340,content_asset,trcam
2025-11-04T09:35:57.320000,,.sh,f24cc784d31d4e8988508c08818160ba3c65ef5f809322b02c85709c9ea7478d,rollback.sh,.\Post-Its\nxcore-deployment\rollback.sh,Envy2-0,False,2025-11-06T13:28:24,2025-11-04T09:35:57.320000,Windows,10.0.26200,nxcore-deployment,Unknown,.,2025-11-08T02:26:25.799680,2912,general,trcam
2025-11-04T09:35:57.330000,,.sh,0a28021eb4b0b4c6563770cc4306cce40035a9874953ed97ba52c7a9eaac9770,set-permissions.sh,.\Post-Its\nxcore-deployment\set-permissions.sh,Envy2-0,False,2025-11-06T13:28:24,2025-11-04T09:35:57.330000,Windows,10.0.26200,nxcore-deployment,Unknown,.,2025-11-08T02:26:25.841802,641,general,trcam
2025-11-04T09:35:57.320000,,.sh,375f654b8131f3ce39e75fde026d0cea6ad21fc9c38cde20efd0f9ac4c790553,smoke-test.sh,.\Post-Its\nxcore-deployment\smoke-test.sh,Envy2-0,False,2025-11-06T13:28:22,2025-11-04T09:35:57.320000,Windows,10.0.26200,nxcore-deployment,Unknown,.,2025-11-08T02:26:25.875916,1686,general,trcam
2025-11-04T09:35:57.350000,,.md,4364557e8abe7fcb947588fcf136d724b0154c5324b24d617bb9b7a86cfd11b9,START-HERE.md,.\Post-Its\nxcore-deployment\START-HERE.md,Envy2-0,False,2025-11-06T13:28:24,2025-11-04T09:35:57.350000,Windows,10.0.26200,nxcore-deployment,Unknown,.,2025-11-08T02:26:25.944988,4637,content_asset,trcam
2025-11-04T08:47:31.820000,,.yml,6ddfffda926d46f216dbb1c761b882c4c5e37227fbd0306f3d8cf2c0e8a38626,traefik-static.yml,.\Post-Its\nxcore-deployment\traefik-static.yml,Envy2-0,False,2025-11-06T13:28:22,2025-11-04T08:47:31.820000,Windows,10.0.26200,nxcore-deployment,Unknown,.,2025-11-08T02:26:25.984878,953,general,trcam
2025-11-06T13:38:41.140000,,.md,d274677304342bd1d6ce09c449d38a7176692d85944cf22934d9c4e09294e6fa,TRANSFER-FILE-LIST.md,.\Post-Its\nxcore-deployment\TRANSFER-FILE-LIST.md,Envy2-0,False,2025-11-06T13:38:42,2025-11-06T13:38:41.140000,Windows,10.0.26200,nxcore-deployment,Unknown,.,2025-11-08T02:26:26.032569,7813,content_asset,trcam
2025-11-04T09:35:57.350000,,.md,38097c1dcd2df9d7c36a27222c67e96a1d035f1e73b21e94de713acbc865cb4e,TRANSFER-INSTRUCTIONS.md,.\Post-Its\nxcore-deployment\TRANSFER-INSTRUCTIONS.md,Envy2-0,False,2025-11-06T13:28:24,2025-11-04T09:35:57.350000,Windows,10.0.26200,nxcore-deployment,Unknown,.,2025-11-08T02:26:26.072423,3460,content_asset,trcam
2025-11-04T09:35:57.310000,,.sh,f6ceb144a8b1e761804ea293f6fb6126deb0bbb8b3f87c2dc72bc7c4451238c4,validate-compose.sh,.\Post-Its\nxcore-deployment\validate-compose.sh,Envy2-0,False,2025-11-06T13:28:22,2025-11-04T09:35:57.310000,Windows,10.0.26200,nxcore-deployment,Unknown,.,2025-11-08T02:26:26.119806,1680,general,trcam
2025-11-04T09:35:57.230000,,.sh,c6974ae4814f72a41268aaf1c0e81730ab871a678289a71c289a1dfcf112478f,validate-env.sh,.\Post-Its\nxcore-deployment\validate-env.sh,Envy2-0,False,2025-11-06T13:28:24,2025-11-04T09:35:57.230000,Windows,10.0.26200,nxcore-deployment,Unknown,.,2025-11-08T02:26:26.156884,2673,general,trcam
2025-11-04T09:35:57.230000,,.sh,4d0d4abd3bec6dd39d7d7bb6a66bfb6adf90921c3d2bee406f06694866a7ea44,verify-package.sh,.\Post-Its\nxcore-deployment\verify-package.sh,Envy2-0,False,2025-11-06T13:28:24,2025-11-04T09:35:57.230000,Windows,10.0.26200,nxcore-deployment,Unknown,.,2025-11-08T02:26:26.195646,3643,general,trcam
2025-11-04T08:09:28.690000,,.html,13542be9e11dbcff2c7de3f0365682548c2a4105b6fedd3fdcb0f5709d4cf37b,developer_pack.html,.\Post-Its\The_Art_Localized_Phase1_Pack_AVHQ\developer_pack.html,Envy2-0,False,2025-11-06T22:29:26,2025-11-04T08:09:28.690000,Windows,10.0.26200,The_Art_Localized_Phase1_Pack_AVHQ,Unknown,.,2025-11-08T02:26:26.249600,11265,ui_core,trcam
2025-11-04T09:59:28,,.md,34d3ec6054e7f9a89ffc71e29b6b1cb0462057841d502d79a892dbcf7cedaa75,echoverse-cue-notes.md,.\Post-Its\The_Art_Localized_Phase1_Pack_AVHQ\echoverse-cue-notes.md,Envy2-0,False,2025-11-06T22:29:26,2025-11-04T09:59:28,Windows,10.0.26200,The_Art_Localized_Phase1_Pack_AVHQ,Unknown,.,2025-11-08T02:26:26.295597,426,content_asset,trcam
2025-11-04T09:59:28,,.md,14ad0d8512933c515959c5fcd4abdc2ede7f3680992185c856eb76a843cda414,manifesto.md,.\Post-Its\The_Art_Localized_Phase1_Pack_AVHQ\manifesto.md,Envy2-0,False,2025-11-06T22:29:26,2025-11-04T09:59:28,Windows,10.0.26200,The_Art_Localized_Phase1_Pack_AVHQ,Unknown,.,2025-11-08T02:26:26.331326,732,content_asset,trcam
2025-11-04T09:59:28,,.md,6fb42b9f60a45b7b363ac8c918831d1a55b186b09fee6f6371a23568581d9ea9,phase1-handoff-checklist.md,.\Post-Its\The_Art_Localized_Phase1_Pack_AVHQ\phase1-handoff-checklist.md,Envy2-0,False,2025-11-06T22:29:26,2025-11-04T09:59:28,Windows,10.0.26200,The_Art_Localized_Phase1_Pack_AVHQ,Unknown,.,2025-11-08T02:26:26.366339,342,content_asset,trcam
2025-11-04T01:56:13.980000,,.md,dcc5fb37a453212cc9afb6d1fd8f91e7cbfac60ab1b0024ebacbb9b784fd1a4a,the_art_localized_phase_1_pack (1).md,.\Post-Its\The_Art_Localized_Phase1_Pack_AVHQ\the_art_localized_phase_1_pack (1).md,Envy2-0,False,2025-11-06T22:29:26,2025-11-04T01:56:13.980000,Windows,10.0.26200,The_Art_Localized_Phase1_Pack_AVHQ,Unknown,.,2025-11-08T02:26:26.406244,5232,content_asset,trcam
2025-11-04T09:59:28,,.pdf,5d5a53df25016f831426966681ead88cf05bfb216a1223177373602fdbbce57d,video-storyboard.pdf,.\Post-Its\The_Art_Localized_Phase1_Pack_AVHQ\video-storyboard.pdf,Envy2-0,False,2025-11-06T22:58:08,2025-11-04T09:59:28,Windows,10.0.26200,The_Art_Localized_Phase1_Pack_AVHQ,Unknown,.,2025-11-08T02:26:26.445160,1755,general,trcam
2025-11-04T09:59:28,,.txt,161a4324fdf53d49393ec390fcd3e11a9ffe0e724209d93ea055473605a7f04f,visual-moodboard.txt,.\Post-Its\The_Art_Localized_Phase1_Pack_AVHQ\visual-moodboard.txt,Envy2-0,False,2025-11-06T22:29:26,2025-11-04T09:59:28,Windows,10.0.26200,The_Art_Localized_Phase1_Pack_AVHQ,Unknown,.,2025-11-08T02:26:26.483222,349,content_asset,trcam
2025-11-04T06:35:56.710000,,.md,36c9bf6b39442bc916d10e44867583a248f9d440f575310460c70d27605f796a,artist-onboarding-flow.md,.\Post-Its\The_Art_Localized_Phase2_Pack_AVHQ\artist-onboarding-flow.md,Envy2-0,False,2025-11-06T22:29:26,2025-11-04T06:35:56.710000,Windows,10.0.26200,The_Art_Localized_Phase2_Pack_AVHQ,Unknown,.,2025-11-08T02:26:26.552494,660,content_asset,trcam
2025-11-04T08:16:51.490000,,.html,c443102555ef3b1d1ac90844c2eb8c78035fda7f82ca0cbdb7414787574a0726,developer_pack_phase2.html,.\Post-Its\The_Art_Localized_Phase2_Pack_AVHQ\developer_pack_phase2.html,Envy2-0,False,2025-11-06T22:29:26,2025-11-04T08:16:51.490000,Windows,10.0.26200,The_Art_Localized_Phase2_Pack_AVHQ,Unknown,.,2025-11-08T02:26:26.590379,7021,ui_core,trcam
2025-11-04T06:35:56.700000,,.md,e2c25d90fa1723cd08f0d154eaefef29510aa793bcf8f7b1cb7665417dedab9b,growth-plan.md,.\Post-Its\The_Art_Localized_Phase2_Pack_AVHQ\growth-plan.md,Envy2-0,False,2025-11-06T22:29:26,2025-11-04T06:35:56.700000,Windows,10.0.26200,The_Art_Localized_Phase2_Pack_AVHQ,Unknown,.,2025-11-08T02:26:26.649141,941,content_asset,trcam
2025-11-04T06:35:56.740000,,.md,28c8d79b4635b863eacfde4c0d36cef17d36abd600a46bdc225b302a0df5b4f0,phase2-handoff-checklist.md,.\Post-Its\The_Art_Localized_Phase2_Pack_AVHQ\phase2-handoff-checklist.md,Envy2-0,False,2025-11-06T22:29:26,2025-11-04T06:35:56.740000,Windows,10.0.26200,The_Art_Localized_Phase2_Pack_AVHQ,Unknown,.,2025-11-08T02:26:26.683986,513,content_asset,trcam
2025-11-04T06:35:56.760000,,.pdf,d79d293b2f7daa63fad09c9a570eb6a0cf2b2e38232e688a53cb7ed8ef08f49f,phase2-overview.pdf,.\Post-Its\The_Art_Localized_Phase2_Pack_AVHQ\phase2-overview.pdf,Envy2-0,False,2025-11-06T22:58:08,2025-11-04T06:35:56.760000,Windows,10.0.26200,The_Art_Localized_Phase2_Pack_AVHQ,Unknown,.,2025-11-08T02:26:26.726796,1804,general,trcam
2025-11-04T06:35:56.710000,,.md,7ab6239cea323884b6bc7946202c8ccca42fcdf0eabcdcbc614e66f56c926ec1,spotlight-framework.md,.\Post-Its\The_Art_Localized_Phase2_Pack_AVHQ\spotlight-framework.md,Envy2-0,False,2025-11-06T22:29:26,2025-11-04T06:35:56.710000,Windows,10.0.26200,The_Art_Localized_Phase2_Pack_AVHQ,Unknown,.,2025-11-08T02:26:26.768440,506,content_asset,trcam
2025-11-04T09:09:03.460000,,.md,c20fc605a69c4145c4cf37f4958f1407054d3e502c62be6d474f0c752b6bbefe,amplification-plan.md,.\Post-Its\The_Art_Localized_Phase3_Pack_AVHQ\amplification-plan.md,Envy2-0,False,2025-11-06T22:29:26,2025-11-04T09:09:03.460000,Windows,10.0.26200,The_Art_Localized_Phase3_Pack_AVHQ,Unknown,.,2025-11-08T02:26:26.841093,1059,content_asset,trcam
2025-11-04T09:20:47.170000,,.html,5582f4f99204d76a98f9c29b720f3d903b3da56987ea885ea121e3856ec50e6a,developer_pack_phase3.html,.\Post-Its\The_Art_Localized_Phase3_Pack_AVHQ\developer_pack_phase3.html,Envy2-0,False,2025-11-06T22:29:26,2025-11-04T09:20:47.170000,Windows,10.0.26200,The_Art_Localized_Phase3_Pack_AVHQ,Unknown,.,2025-11-08T02:26:26.882547,8404,ui_core,trcam
2025-11-04T09:09:03.470000,,.md,864e079f4501319cc0477dfc0357dcf3a5288655676b993b361c94cea558f404,division-collab-framework.md,.\Post-Its\The_Art_Localized_Phase3_Pack_AVHQ\division-collab-framework.md,Envy2-0,False,2025-11-06T13:28:38,2025-11-04T09:09:03.470000,Windows,10.0.26200,The_Art_Localized_Phase3_Pack_AVHQ,Unknown,.,2025-11-08T02:26:26.933127,756,content_asset,trcam
2025-11-04T09:09:03.480000,,.md,9caa7f2b7f55e0efe485d5c2364cccc5af75c4d480bda0e86bea7f587148a763,partner-deck-outline.md,.\Post-Its\The_Art_Localized_Phase3_Pack_AVHQ\partner-deck-outline.md,Envy2-0,False,2025-11-06T22:29:26,2025-11-04T09:09:03.480000,Windows,10.0.26200,The_Art_Localized_Phase3_Pack_AVHQ,Unknown,.,2025-11-08T02:26:26.977070,883,content_asset,trcam
2025-11-04T09:09:03.490000,,.md,286a7ad180afd46089887d1e8c39fd8a328b4ad49047160fca157c3f25547633,phase3-handoff-checklist.md,.\Post-Its\The_Art_Localized_Phase3_Pack_AVHQ\phase3-handoff-checklist.md,Envy2-0,False,2025-11-06T22:29:26,2025-11-04T09:09:03.490000,Windows,10.0.26200,The_Art_Localized_Phase3_Pack_AVHQ,Unknown,.,2025-11-08T02:26:27.015659,539,content_asset,trcam
2025-11-04T09:09:03.500000,,.pdf,ee06e61aa104117cf87e3e1f84a5d91e3b6ea01aaae4b77930236e4ff657fd93,phase3-overview.pdf,.\Post-Its\The_Art_Localized_Phase3_Pack_AVHQ\phase3-overview.pdf,Envy2-0,False,2025-11-06T22:58:08,2025-11-04T09:09:03.500000,Windows,10.0.26200,The_Art_Localized_Phase3_Pack_AVHQ,Unknown,.,2025-11-08T02:26:27.058731,1815,general,trcam
2025-11-04T09:09:03.500000,,.md,4dbb658e8abcd0c55e098c5a20b1f110412980c21ea130a9196876c351b5c361,press-kit-template.md,.\Post-Its\The_Art_Localized_Phase3_Pack_AVHQ\press-kit-template.md,Envy2-0,False,2025-11-06T22:29:26,2025-11-04T09:09:03.500000,Windows,10.0.26200,The_Art_Localized_Phase3_Pack_AVHQ,Unknown,.,2025-11-08T02:26:27.100204,536,content_asset,trcam
2025-11-04T14:51:40,.\Post-Its\New folder\conversion-plan.md,.md,d111963f269be1331ec076bfed0a9a3860702190de11943af0d2159387994fb0,conversion-plan.md,.\Post-Its\The_Art_Localized_Phase4_Pack_AVHQ\conversion-plan.md,Envy2-0,True,2025-11-06T22:29:26,2025-11-04T14:51:40,Windows,10.0.26200,The_Art_Localized_Phase4_Pack_AVHQ,Unknown,.,2025-11-08T02:26:27.156676,1061,content_asset,trcam
2025-11-04T09:21:06.040000,,.html,58749d3488a4d1c5c889a84cb43261bfc3839d57c7207fa2b26e169132ac9766,developer_pack_phase4.html,.\Post-Its\The_Art_Localized_Phase4_Pack_AVHQ\developer_pack_phase4.html,Envy2-0,False,2025-11-06T22:29:26,2025-11-04T09:21:06.040000,Windows,10.0.26200,The_Art_Localized_Phase4_Pack_AVHQ,Unknown,.,2025-11-08T02:26:27.181497,8043,ui_core,trcam
2025-11-04T14:51:40,.\Post-Its\New folder\ecosystem-integration.md,.md,5194392094e3246e21a7788a5ce48fab7afdd508c78ccc305ab460a535af4a31,ecosystem-integration.md,.\Post-Its\The_Art_Localized_Phase4_Pack_AVHQ\ecosystem-integration.md,Envy2-0,True,2025-11-06T22:29:26,2025-11-04T14:51:40,Windows,10.0.26200,The_Art_Localized_Phase4_Pack_AVHQ,Unknown,.,2025-11-08T02:26:27.231152,900,content_asset,trcam
2025-11-04T14:51:40,.\Post-Its\New folder\marketplace-framework.md,.md,6f989e2b33f6e52c084498c279de20e4ec26a5c38f6c37a4429ea58dca096ba9,marketplace-framework.md,.\Post-Its\The_Art_Localized_Phase4_Pack_AVHQ\marketplace-framework.md,Envy2-0,True,2025-11-06T22:29:26,2025-11-04T14:51:40,Windows,10.0.26200,The_Art_Localized_Phase4_Pack_AVHQ,Unknown,.,2025-11-08T02:26:27.256954,1007,content_asset,trcam
2025-11-04T14:51:40,.\Post-Its\New folder\phase4-handoff-checklist.md,.md,b2998972ee47b7ccd2764412d1d437ee5e298be384310b148f63b7525690ab48,phase4-handoff-checklist.md,.\Post-Its\The_Art_Localized_Phase4_Pack_AVHQ\phase4-handoff-checklist.md,Envy2-0,True,2025-11-06T22:29:26,2025-11-04T14:51:40,Windows,10.0.26200,The_Art_Localized_Phase4_Pack_AVHQ,Unknown,.,2025-11-08T02:26:27.284019,628,content_asset,trcam
2025-11-04T14:51:40,.\Post-Its\New folder\phase4-overview.pdf,.pdf,938dea7511d153623b8d9e1c9259f829ddd5bcbc8eee6105d099edfaa54d21a9,phase4-overview.pdf,.\Post-Its\The_Art_Localized_Phase4_Pack_AVHQ\phase4-overview.pdf,Envy2-0,True,2025-11-06T22:58:08,2025-11-04T14:51:40,Windows,10.0.26200,The_Art_Localized_Phase4_Pack_AVHQ,Unknown,.,2025-11-08T02:26:27.305782,1950,general,trcam
2025-11-04T18:09:46,,.example,bf5774569a9eacb955e31b23c4a81b63f331d52371b293f5a756bbcfb74d49f6,.env.example,.\Phase1Deploy\.env.example,Envy2-0,False,2025-11-04T19:42:06,2025-11-04T18:09:46,Windows,10.0.26200,Phase1Deploy,Unknown,.,2025-11-08T02:26:27.352587,381,general,trcam
2025-11-04T10:54:00.830000,,.yml,2b94eb9056e155af0693ccd1c408176b1b28bd1991563acd2d7ff4c44ed94178,compose-portainer.yml,.\Phase1Deploy\compose-portainer.yml,Envy2-0,False,2025-11-05T21:32:44,2025-11-04T10:54:00.830000,Windows,10.0.26200,Phase1Deploy,Unknown,.,2025-11-08T02:26:27.401958,740,general,trcam
2025-11-04T11:10:03.370000,,.yml,17f92ceccde02b103b137670f318025ec8eb521b8d5285dc741728f7abfb9356,compose-traefik.yml,.\Phase1Deploy\compose-traefik.yml,Envy2-0,False,2025-11-05T21:32:44,2025-11-04T11:10:03.370000,Windows,10.0.26200,Phase1Deploy,Unknown,.,2025-11-08T02:26:27.451725,1064,general,trcam
2025-11-04T11:08:50.660000,,.sh,6e233f541cc5a416ef4d2a92b46a7f982dddd888a1a0d53a147158c46be8ea71,deploy-all-enhanced.sh,.\Phase1Deploy\deploy-all-enhanced.sh,Envy2-0,False,2025-11-05T21:32:44,2025-11-04T11:08:50.660000,Windows,10.0.26200,Phase1Deploy,Unknown,.,2025-11-08T02:26:27.492316,1719,general,trcam
2025-11-04T18:09:46,,.yml,522a0ac5b62e14766eb4ad962900e92bb7115bcb1ee4e592b9ba91b657a6a423,dynamic.yml,.\Phase1Deploy\dynamic.yml,Envy2-0,False,2025-11-05T21:32:44,2025-11-04T18:09:46,Windows,10.0.26200,Phase1Deploy,Unknown,.,2025-11-08T02:26:27.526452,723,general,trcam
2025-11-04T18:09:46,,.sh,174372620f8d7d6c6303c531b0959fb621f2c5d5ca2861832aec6caae28e1cca,observability-hook.sh,.\Phase1Deploy\observability-hook.sh,Envy2-0,False,2025-11-05T21:32:44,2025-11-04T18:09:46,Windows,10.0.26200,Phase1Deploy,Unknown,.,2025-11-08T02:26:27.565426,199,general,trcam
2025-11-04T18:09:46,,.sh,0bea12f815373b69f76adc0b4257e89df82d21b5b475f5468f2582649d811a76,phase0-preflight.sh,.\Phase1Deploy\phase0-preflight.sh,Envy2-0,False,2025-11-05T21:32:44,2025-11-04T18:09:46,Windows,10.0.26200,Phase1Deploy,Unknown,.,2025-11-08T02:26:27.608000,668,general,trcam
2025-11-04T11:09:36.340000,,.sh,e36fed9837f2318b59619d080967e557849f78c5827cd01cf428d9e4bee2458c,phase1-setup.sh,.\Phase1Deploy\phase1-setup.sh,Envy2-0,False,2025-11-05T21:32:44,2025-11-04T11:09:36.340000,Windows,10.0.26200,Phase1Deploy,Unknown,.,2025-11-08T02:26:27.652052,597,general,trcam
2025-11-04T10:54:43.350000,,.sh,b49e59ba14c49f0d968c9aa76080fdfbc60ed5dddf686c11f1a6efdaa71edb12,phase5-validation.sh,.\Phase1Deploy\phase5-validation.sh,Envy2-0,False,2025-11-05T21:32:44,2025-11-04T10:54:43.350000,Windows,10.0.26200,Phase1Deploy,Unknown,.,2025-11-08T02:26:27.688119,692,general,trcam
2025-11-04T10:54:51.990000,,.sh,bdfa1b221222adc111225094986beb6a75cc143dc77867b539bbde9eb2945389,post-deployment-validation.sh,.\Phase1Deploy\post-deployment-validation.sh,Envy2-0,False,2025-11-05T21:32:44,2025-11-04T10:54:51.990000,Windows,10.0.26200,Phase1Deploy,Unknown,.,2025-11-08T02:26:27.725250,575,general,trcam
2025-11-04T18:09:46,,.md,607f12b4d2172c15745b060a8c780b2652b7026b74c83659becd6358b69601ad,PRE-DEPLOYMENT-CHECKLIST.md,.\Phase1Deploy\PRE-DEPLOYMENT-CHECKLIST.md,Envy2-0,False,2025-11-05T21:32:44,2025-11-04T18:09:46,Windows,10.0.26200,Phase1Deploy,Unknown,.,2025-11-08T02:26:27.763394,321,content_asset,trcam
2025-11-04T18:09:46,,.sh,dd24b0702d5a0da9980195364728b9c6398b5fe03c1d6c9503f71304fae75531,rollback.sh,.\Phase1Deploy\rollback.sh,Envy2-0,False,2025-11-05T21:32:44,2025-11-04T18:09:46,Windows,10.0.26200,Phase1Deploy,Unknown,.,2025-11-08T02:26:27.797092,392,general,trcam
2025-11-04T18:09:46,,.sh,dfbf6801b9bfd5b54fbead8713cfe3546d580d90b75fda2c4762f505d372e793,smoke-test.sh,.\Phase1Deploy\smoke-test.sh,Envy2-0,False,2025-11-05T21:32:44,2025-11-04T18:09:46,Windows,10.0.26200,Phase1Deploy,Unknown,.,2025-11-08T02:26:27.838739,238,general,trcam
2025-11-04T18:09:46,,.md,3bcf3ff0208bc21f52f8305cbd0935e9e1537cd572761aa8ff2324f46c314294,START-HERE.md,.\Phase1Deploy\START-HERE.md,Envy2-0,False,2025-11-05T21:32:44,2025-11-04T18:09:46,Windows,10.0.26200,Phase1Deploy,Unknown,.,2025-11-08T02:26:27.876486,433,content_asset,trcam
2025-11-04T11:09:48.400000,,.yml,cf5e627494f42dfb4a024481d2d254a361d268d33f9c8f864a2d135399e95ca9,traefik-acme-prod.yml,.\Phase1Deploy\traefik-acme-prod.yml,Envy2-0,False,2025-11-05T21:32:44,2025-11-04T11:09:48.400000,Windows,10.0.26200,Phase1Deploy,Unknown,.,2025-11-08T02:26:27.913841,244,general,trcam
2025-11-04T11:09:47.770000,,.yml,109bdea8c0171542eaa306a02b2203960ad1663ee499a3b75356cc9d6591cb64,traefik-acme-staging.yml,.\Phase1Deploy\traefik-acme-staging.yml,Envy2-0,False,2025-11-05T21:32:44,2025-11-04T11:09:47.770000,Windows,10.0.26200,Phase1Deploy,Unknown,.,2025-11-08T02:26:27.946494,252,general,trcam
2025-11-04T11:09:42.670000,,.yml,2b5392e480b32dbf2ea714074b46b7038315323e63e66839212bff18c294b5ac,traefik-static.yml,.\Phase1Deploy\traefik-static.yml,Envy2-0,False,2025-11-05T21:32:44,2025-11-04T11:09:42.670000,Windows,10.0.26200,Phase1Deploy,Unknown,.,2025-11-08T02:26:27.984878,365,general,trcam
2025-11-04T18:09:46,,.md,c5102628180686faa8cf98860dc66c97be10c48ae8f9df34dd9e20d65fee38cc,TRANSFER-INSTRUCTIONS.md,.\Phase1Deploy\TRANSFER-INSTRUCTIONS.md,Envy2-0,False,2025-11-05T21:32:44,2025-11-04T18:09:46,Windows,10.0.26200,Phase1Deploy,Unknown,.,2025-11-08T02:26:28.021725,271,content_asset,trcam
2025-11-04T18:09:46,,.sh,51b92813d1c78ba0983466f2ac7f3c8ae39b287d88b9672f582eec93e4c7a31a,validate-compose.sh,.\Phase1Deploy\validate-compose.sh,Envy2-0,False,2025-11-05T21:32:44,2025-11-04T18:09:46,Windows,10.0.26200,Phase1Deploy,Unknown,.,2025-11-08T02:26:28.058377,544,general,trcam
2025-11-04T18:09:46,,.sh,1fd4edc937e014bd9abf9c454aaa1d192ada039dacaa4225984ebd377e0056f7,validate-env.sh,.\Phase1Deploy\validate-env.sh,Envy2-0,False,2025-11-05T21:32:44,2025-11-04T18:09:46,Windows,10.0.26200,Phase1Deploy,Unknown,.,2025-11-08T02:26:28.095450,385,general,trcam
2025-11-04T18:09:46,,.sh,89f5fd31f90d9922e199159ed68ebc0f79fceb69b186bb22e3dd221a82755647,verify-package.sh,.\Phase1Deploy\verify-package.sh,Envy2-0,False,2025-11-05T21:32:44,2025-11-04T18:09:46,Windows,10.0.26200,Phase1Deploy,Unknown,.,2025-11-08T02:26:28.130987,419,general,trcam
2025-11-04T21:39:40,,.html,6e12f35daf9be3745d977103dfed8d04f4ff737f416733dd2727a6b290f983a2,dashboard.html,.\templates\dashboard.html,Envy2-0,False,2025-11-04T21:39:40,2025-11-04T21:39:40.330000,Windows,10.0.26200,templates,Unknown,.,2025-11-08T02:26:28.177514,18121,ui_core,trcam
2025-11-03T20:25:18.460000,,.md,33b80868adbf41d4fcb8279eeae5cff48c090cdc9877a3d892d3d8731b62ce47,MASTER_PROJECT_LIST.md,.\AeroVista_LLC\MASTER_PROJECT_LIST.md,Envy2-0,False,2025-11-05T21:32:44,2025-11-03T20:25:18.460000,Windows,10.0.26200,AeroVista_LLC,AeroVista,.,2025-11-08T02:26:28.265377,6779,content_asset,trcam
2025-11-04T10:11:46.730000,,.md,36107da7496fd31d0712d40e122e26668b0ae08ab70bf05a09ca1c72c177c55d,PROJECT_TRACKER.md,.\AeroVista_LLC\PROJECT_TRACKER.md,Envy2-0,False,2025-11-05T21:32:44,2025-11-04T10:11:46.730000,Windows,10.0.26200,AeroVista_LLC,AeroVista,.,2025-11-08T02:26:28.315282,3369,content_asset,trcam
2025-10-24T16:08:52,,.md,95e409fa130a57b4d2e2f4ebaacfb3c45a0dd97e5fd1a9423ee131315e55b723,BONSAID_PROJECT_STATUS.md,.\AeroVista_LLC\Creative_and_Publishing\Bonsaid\BONSAID_PROJECT_STATUS.md,Envy2-0,False,2025-11-04T20:02:00,2025-10-24T16:08:52,Windows,10.0.26200,Bonsaid,AeroVista,.,2025-11-08T02:26:28.408931,16296,content_asset,trcam
2025-10-24T16:06:22,,.md,a75f8b1e6e7b92d24f56df9c8af34ca521c9f97d221a2778a729f876c77dcc10,PROJECT_STATUS_REPORT.md,.\AeroVista_LLC\Creative_and_Publishing\EchoVerse_Music_Platform\PROJECT_STATUS_REPORT.md,Envy2-0,False,2025-11-05T21:32:44,2025-10-24T16:06:22,Windows,10.0.26200,EchoVerse_Music_Platform,AeroVista,.,2025-11-08T02:26:28.461616,8349,content_asset,trcam
2025-11-03T22:27:09.720000,,.md,dc750179226f7dfa2a2dbd2a7bd1772e47cf86419ecabf0b89555f19be87405e,Centralized_Documentation_Guidelines.md,.\AeroVista_LLC\Cross-Cutting_Concerns\Centralized_Documentation_Guidelines.md,Envy2-0,False,2025-11-05T21:32:46,2025-11-03T22:27:09.720000,Windows,10.0.26200,Cross-Cutting_Concerns,AeroVista,.,2025-11-08T02:26:28.524562,11855,content_asset,trcam
2025-11-03T22:10:16.760000,,.md,dd98877ac2316020b460721930c5fd94cfab9e9b77c2eec05c5be938400f38f7,Cross_Project_Integration_Strategy.md,.\AeroVista_LLC\Cross-Cutting_Concerns\Cross_Project_Integration_Strategy.md,Envy2-0,False,2025-11-05T21:32:44,2025-11-03T22:10:16.760000,Windows,10.0.26200,Cross-Cutting_Concerns,AeroVista,.,2025-11-08T02:26:28.562240,14735,content_asset,trcam
2025-11-04T10:25:21.630000,,.md,08e2372cce6c21ea8b62da942599cf25ee3d4291f5c7e87c592c09f708dcab63,Documentation_Standards_Best_Practices.md,.\AeroVista_LLC\Cross-Cutting_Concerns\Documentation_Standards_Best_Practices.md,Envy2-0,False,2025-11-05T21:32:46,2025-11-04T10:25:21.630000,Windows,10.0.26200,Cross-Cutting_Concerns,AeroVista,.,2025-11-08T02:26:28.598000,11944,content_asset,trcam
2025-11-03T19:40:32.760000,,.py,4927f13ea5058797834c50315e4e4339e7c16e3717df5866a8e3bc515b8d1bcf,analyze_content.py,.\AeroVista_LLC\scripts\analyze_content.py,Envy2-0,False,2025-11-05T21:32:44,2025-11-03T19:40:32.760000,Windows,10.0.26200,scripts,AeroVista,.,2025-11-08T02:26:28.667816,1782,general,trcam
2025-11-03T20:08:58.340000,,.py,0cf2bbce4438ba343dd808d44b52b465743c96069f65a576478bc7991084ea60,doc_analyzer.py,.\AeroVista_LLC\scripts\doc_analyzer.py,Envy2-0,False,2025-11-05T21:32:44,2025-11-03T20:08:58.340000,Windows,10.0.26200,scripts,AeroVista,.,2025-11-08T02:26:28.713311,2262,general,trcam
2025-11-03T20:18:54.360000,,.py,9e4b7b24e208ba56852e9718e430e72e02b041a942cd9cc3254b57df37ab393f,phrase_context_extractor.py,.\AeroVista_LLC\scripts\phrase_context_extractor.py,Envy2-0,False,2025-11-05T21:32:44,2025-11-03T20:18:54.360000,Windows,10.0.26200,scripts,AeroVista,.,2025-11-08T02:26:28.756817,1819,general,trcam
2025-11-03T20:19:01.940000,,.md,15e955c8dbf3434079177bcf7f27abe01e92ab7b80f1a5398d71985eebdd978a,SCRIPTS_INDEX.md,.\AeroVista_LLC\scripts\SCRIPTS_INDEX.md,Envy2-0,False,2025-11-05T21:32:44,2025-11-03T20:19:01.940000,Windows,10.0.26200,scripts,AeroVista,.,2025-11-08T02:26:28.794428,1099,content_asset,trcam
2025-09-26T10:44:26,,.md,4d4fa5c6ef2a4dec5d4d8dbc0ec32ab931deb64b933b4ed9cb625530aef886c6,AeroCoreOS.md,.\AeroVista_LLC\Technology_and_Infrastructure\AeroCoreOS\AeroCoreOS.md,Envy2-0,False,2025-11-04T20:02:00,2025-09-26T10:44:26,Windows,10.0.26200,AeroCoreOS,AeroVista,.,2025-11-08T02:26:28.882875,11557,content_asset,trcam
2025-09-25T19:18:56,,.md,5e61f56dbd94a85fc25688925d46701da0a14ea8ff0f0acac0dfcb7a6ca35ac6,ByteCoreLite.md,.\AeroVista_LLC\Technology_and_Infrastructure\ByteCoreLite\ByteCoreLite.md,Envy2-0,False,2025-11-05T21:32:44,2025-09-25T19:18:56,Windows,10.0.26200,ByteCoreLite,AeroVista,.,2025-11-08T02:26:29.011201,23966,content_asset,trcam
2025-09-25T19:05:36,,.md,217f5cd97698f8acb44c24fef8dd8fc6dbc40c4d2adb69452df44b405c05f9bf,MemoryMapper.md,.\AeroVista_LLC\Technology_and_Infrastructure\Memory_Mapper\MemoryMapper.md,Envy2-0,False,2025-11-05T21:32:44,2025-09-25T19:05:36,Windows,10.0.26200,Memory_Mapper,AeroVista,.,2025-11-08T02:26:29.089650,24964,content_asset,trcam
2025-10-24T16:10:10,,.md,9b6f1ca20734e8594dae0a349933a52b2983c18ac4778f829fcef60b2d07095d,Memory_Mapper_Project_Status.md,.\AeroVista_LLC\Technology_and_Infrastructure\Memory_Mapper\Memory_Mapper_Project_Status.md,Envy2-0,False,2025-11-05T21:32:44,2025-10-24T16:10:10,Windows,10.0.26200,Memory_Mapper,AeroVista,.,2025-11-08T02:26:29.199337,8219,content_asset,trcam
2025-11-03T02:46:03.220000,,.md,a5992c2014b6d40e0b3b8fd7f34b3b7e8f28b909f716f966c000ef889f45a802,aerovista_progress_tracker_updated_nov_3_2025.md,.\AeroVista_LLC\Technology_and_Infrastructure\NXCore\aerovista_progress_tracker_updated_nov_3_2025.md,Envy2-0,False,2025-11-05T21:32:44,2025-11-03T02:46:03.220000,Windows,10.0.26200,NXCore,AeroVista,.,2025-11-08T02:26:29.299469,4385,content_asset,trcam
2025-10-24T16:38:32,,.md,5c561583e7ea596427e9b7fb46e301d5c8d47a55f964089eabe3f86bfd776cca,AeroVista_SOP_Service_Navigation_UPDATED_v1.1.md,.\AeroVista_LLC\Technology_and_Infrastructure\NXCore\AeroVista_SOP_Service_Navigation_UPDATED_v1.1.md,Envy2-0,False,2025-11-05T21:32:44,2025-10-24T16:38:32,Windows,10.0.26200,NXCore,AeroVista,.,2025-11-08T02:26:29.394794,239,content_asset,trcam
2025-11-02T19:31:15.540000,,.md,53b4ea7b3947d3b403ea3615e77620e65d5319e8a8f50f04b77625d9fbef3a07,agent_rules.ssh_dev.md,.\AeroVista_LLC\Technology_and_Infrastructure\NXCore\agent_rules.ssh_dev.md,Envy2-0,False,2025-11-05T21:32:44,2025-11-02T19:31:15.540000,Windows,10.0.26200,NXCore,AeroVista,.,2025-11-08T02:26:29.541902,7814,content_asset,trcam
2025-10-24T16:00:12,,.md,05aa95d70955fdd7f3126c157803bf8e5485522d0b7ea1ff4215e538eeb5ea6c,COMPREHENSIVE_PROJECT_STATUS.md,.\AeroVista_LLC\Technology_and_Infrastructure\NXCore\COMPREHENSIVE_PROJECT_STATUS.md,Envy2-0,False,2025-11-05T21:32:44,2025-10-24T16:00:12,Windows,10.0.26200,NXCore,AeroVista,.,2025-11-08T02:26:29.596573,14941,content_asset,trcam
2025-11-02T15:08:38.910000,,.md,d1491affb684823b74ff6fed3103818d9fe6f3bf172bbcc5da51e2937d8023e6,Encrypted_Secrets_Volume_Plan (1).md,.\AeroVista_LLC\Technology_and_Infrastructure\NXCore\Encrypted_Secrets_Volume_Plan (1).md,Envy2-0,False,2025-11-05T21:32:44,2025-11-02T15:08:38.910000,Windows,10.0.26200,NXCore,AeroVista,.,2025-11-08T02:26:29.660231,3906,content_asset,trcam
2025-10-24T15:56:18,,.md,699fb0c8d7cc5ad79d33ab72724f6d83f1b441e23388aaa581a18dba5402d99b,GITHUB_PAGES_FIX_REPORT.md,.\AeroVista_LLC\Technology_and_Infrastructure\NXCore\GITHUB_PAGES_FIX_REPORT.md,Envy2-0,False,2025-11-05T21:32:44,2025-10-24T15:56:18,Windows,10.0.26200,NXCore,AeroVista,.,2025-11-08T02:26:29.712884,5540,content_asset,trcam
2025-09-17T00:33:42,,.md,8924d6705bc013c8229f6c60e517973f03f1c165e4caa275a9d2aca456ef7331,LOCAL.NETWORK.EDITED.md,.\AeroVista_LLC\Technology_and_Infrastructure\NXCore\LOCAL.NETWORK.EDITED.md,Envy2-0,False,2025-11-05T21:32:44,2025-09-17T00:33:42,Windows,10.0.26200,NXCore,AeroVista,.,2025-11-08T02:26:29.789291,3612,content_asset,trcam
2025-11-03T23:24:26,,.txt,e3b0c44298fc1c149afbf4c8996fb92427ae41e4649b934ca495991b7852b855,New Text Document (2).txt,.\AeroVista_LLC\Technology_and_Infrastructure\NXCore\New Text Document (2).txt,Envy2-0,False,2025-11-03T23:24:26,2025-11-03T23:24:27.190000,Windows,10.0.26200,NXCore,AeroVista,.,2025-11-08T02:26:29.829555,0,content_asset,trcam
2025-11-03T23:20:25.210000,,.txt,bad99d8d350b77043339793c40ddc57dc92e03d9fb923867f426bfaf15a518d2,New Text Document.txt,.\AeroVista_LLC\Technology_and_Infrastructure\NXCore\New Text Document.txt,Envy2-0,False,2025-11-05T21:32:44,2025-11-03T23:20:25.210000,Windows,10.0.26200,NXCore,AeroVista,.,2025-11-08T02:26:29.847719,5855,content_asset,trcam
2025-10-18T11:36:46,,.md,1f102c6f8c28aab654f8b8eb53118a9cdf992d604497d5f494abdb4769c22d37,NXCore-Playwright-Testing-Report.md,.\AeroVista_LLC\Technology_and_Infrastructure\NXCore\NXCore-Playwright-Testing-Report.md,Envy2-0,False,2025-11-05T21:32:44,2025-10-18T11:36:46,Windows,10.0.26200,NXCore,AeroVista,.,2025-11-08T02:26:29.888837,10144,content_asset,trcam
2025-10-24T16:00:30,,.md,ba63bdccd4fb992c72073154f63768469e356e21fc635a03b98714a4a04d55e5,NXCore-Synergy-Analysis-Report.md,.\AeroVista_LLC\Technology_and_Infrastructure\NXCore\NXCore-Synergy-Analysis-Report.md,Envy2-0,False,2025-11-05T21:32:44,2025-10-24T16:00:30,Windows,10.0.26200,NXCore,AeroVista,.,2025-11-08T02:26:29.934074,10293,content_asset,trcam
2025-11-03T18:56:56.680000,,.md,f6ec917e9e041d480d1fb14ee7fc9df7439b366f7261f61eb959172b7e743477,NXCore_EOD_2025-11-03.md,.\AeroVista_LLC\Technology_and_Infrastructure\NXCore\NXCore_EOD_2025-11-03.md,Envy2-0,False,2025-11-05T21:32:44,2025-11-03T18:56:56.680000,Windows,10.0.26200,NXCore,AeroVista,.,2025-11-08T02:26:29.976687,5930,content_asset,trcam
2025-10-19T00:25:42,,.html,b69b452079c9333da2a12c23c25af9168425b4dc139a6a4ba3de3ae1cffec396,NXCore_planing.html,.\AeroVista_LLC\Technology_and_Infrastructure\NXCore\NXCore_planing.html,Envy2-0,False,2025-11-05T21:32:44,2025-10-19T00:25:42,Windows,10.0.26200,NXCore,AeroVista,.,2025-11-08T02:26:30.013653,69473,ui_core,trcam
2025-10-24T16:00:20,,.md,1fb5e70598ff4ac0befd2fef81a9a4ca34b1869ce1210f967b0b3fc2c299f256,PROJECT_STATUS_OVERVIEW.md,.\AeroVista_LLC\Technology_and_Infrastructure\NXCore\PROJECT_STATUS_OVERVIEW.md,Envy2-0,False,2025-11-05T21:32:44,2025-10-24T16:00:20,Windows,10.0.26200,NXCore,AeroVista,.,2025-11-08T02:26:30.069465,11507,content_asset,trcam
2025-10-24T16:10:04,,.md,6417e28135a6e7f3a6c6c8d666571f506661968ece6121a414fc564ff60601f6,PROJECT_STATUS_REPORT_infer.md,.\AeroVista_LLC\Technology_and_Infrastructure\NXCore\PROJECT_STATUS_REPORT_infer.md,Envy2-0,False,2025-11-05T21:32:44,2025-10-24T16:10:04,Windows,10.0.26200,NXCore,AeroVista,.,2025-11-08T02:26:30.111513,13981,content_asset,trcam
2025-09-25T20:31:22,,.md,a0cb521d02922a8b3eb81e2ad8115b9d6cf1dc0e9b4156f52684a0e383031ed3,Project_Status_Report_MM.md,.\AeroVista_LLC\Technology_and_Infrastructure\NXCore\Project_Status_Report_MM.md,Envy2-0,False,2025-11-05T21:32:44,2025-09-25T20:31:22,Windows,10.0.26200,NXCore,AeroVista,.,2025-11-08T02:26:30.173276,12337,content_asset,trcam
2025-11-03T21:53:12.590000,,.md,495b5dae7aeff5630219f18f60947aa784620ad1baa01519fc5cf408a3f712c9,NXCore_Remediation_Plan.md,.\AeroVista_LLC\Technology_and_Infrastructure\NXCore\docs\NXCore_Remediation_Plan.md,Envy2-0,False,2025-11-05T21:32:44,2025-11-03T21:53:12.590000,Windows,10.0.26200,docs,AeroVista,.,2025-11-08T02:26:30.249331,9628,content_asset,trcam
2025-11-04T10:01:19.720000,,.md,a6c32e2ad0e55d51e03870ad93a0eeba04bd7ca2fef121e499cf69ad1cb8dd28,Comprehensive_Monitoring_Strategy.md,.\AeroVista_LLC\Technology_and_Infrastructure\NXCore\docs\Comprehensive_Monitoring_Strategy.md,Envy2-0,False,2025-11-05T21:32:44,2025-11-04T10:01:19.720000,Windows,10.0.26200,docs,AeroVista,.,2025-11-08T02:26:30.306454,14169,content_asset,trcam
2025-10-24T22:03:24,,.md,f12ccee576bd3c7c3b99346e922b732b94aa5bbf3f9ad9c871d2d134a92a1773,README.md,.\AeroVista_LLC\Technology_and_Infrastructure\NXCore\NXCOre\NXCore.starter\README.md,Envy2-0,False,2025-11-04T20:02:02,2025-10-24T22:03:24,Windows,10.0.26200,NXCore.starter,AeroVista,.,2025-11-08T02:26:30.385991,457,content_asset,trcam
2025-10-24T22:03:24,,.yml,25d9347e2bab1747fa375b2cf65824e2fdff90e41da345aa781f4104e36771ef,compose-authelia.yml,.\AeroVista_LLC\Technology_and_Infrastructure\NXCore\NXCOre\NXCore.starter\compose-examples\compose-authelia.yml,Envy2-0,False,2025-11-04T20:02:02,2025-10-24T22:03:24,Windows,10.0.26200,compose-examples,AeroVista,.,2025-11-08T02:26:30.445294,479,general,trcam
2025-10-24T22:03:24,,.yml,f07724ca69ac3b6eff9a2ed2e20578a8791d5de1f74692996b3a3f44a19c787d,compose-dozzle.yml,.\AeroVista_LLC\Technology_and_Infrastructure\NXCore\NXCOre\NXCore.starter\compose-examples\compose-dozzle.yml,Envy2-0,False,2025-11-04T20:02:02,2025-10-24T22:03:24,Windows,10.0.26200,compose-examples,AeroVista,.,2025-11-08T02:26:30.481506,399,general,trcam
2025-10-24T22:03:24,,.yml,d03fea2614f58272a306548c07a1615da5bb921159f57e7ead760f530b40259b,compose-filebrowser.yml,.\AeroVista_LLC\Technology_and_Infrastructure\NXCore\NXCOre\NXCore.starter\compose-examples\compose-filebrowser.yml,Envy2-0,False,2025-11-04T20:02:02,2025-10-24T22:03:24,Windows,10.0.26200,compose-examples,AeroVista,.,2025-11-08T02:26:30.529264,428,general,trcam
2025-10-24T22:03:24,,.yml,bd50f5113f87c12672db4678bf8e853a3fe4cb5c2cc368ce6592124ba8987d97,compose-grafana.yml,.\AeroVista_LLC\Technology_and_Infrastructure\NXCore\NXCOre\NXCore.starter\compose-examples\compose-grafana.yml,Envy2-0,False,2025-11-04T20:02:02,2025-10-24T22:03:24,Windows,10.0.26200,compose-examples,AeroVista,.,2025-11-08T02:26:30.569637,549,general,trcam
2025-10-24T22:03:24,,.yml,bf8de52c1c3f453aed28fedbe6989d823c8b04af6241508062fd6a242db4c24c,compose-n8n.yml,.\AeroVista_LLC\Technology_and_Infrastructure\NXCore\NXCOre\NXCore.starter\compose-examples\compose-n8n.yml,Envy2-0,False,2025-11-04T20:02:02,2025-10-24T22:03:24,Windows,10.0.26200,compose-examples,AeroVista,.,2025-11-08T02:26:30.623607,648,general,trcam
2025-10-24T22:03:24,,.yml,57617157688dddc06bf5d1710fb3423fc88739fbf15044294ae382bdca5ac7fa,compose-openwebui.yml,.\AeroVista_LLC\Technology_and_Infrastructure\NXCore\NXCOre\NXCore.starter\compose-examples\compose-openwebui.yml,Envy2-0,False,2025-11-04T20:02:02,2025-10-24T22:03:24,Windows,10.0.26200,compose-examples,AeroVista,.,2025-11-08T02:26:30.660811,542,general,trcam
2025-10-24T22:03:24,,.yml,4d50c48fa69aed7023a5a4b9c26bc5d68323755f3c0a194ad7939f93431d99f4,compose-uptime-kuma.yml,.\AeroVista_LLC\Technology_and_Infrastructure\NXCore\NXCOre\NXCore.starter\compose-examples\compose-uptime-kuma.yml,Envy2-0,False,2025-11-04T20:02:02,2025-10-24T22:03:24,Windows,10.0.26200,compose-examples,AeroVista,.,2025-11-08T02:26:30.710691,404,general,trcam
2025-10-24T22:03:24,,.md,b4a07344c7e631668fb3f21670f214d911ac4bcdfa2dcb7acce9d662fec09be6,CURRENT_STATUS.md,.\AeroVista_LLC\Technology_and_Infrastructure\NXCore\NXCOre\NXCore.starter\docs\CURRENT_STATUS.md,Envy2-0,False,2025-11-04T20:02:02,2025-10-24T22:03:24,Windows,10.0.26200,docs,AeroVista,.,2025-11-08T02:26:30.760490,945,content_asset,trcam
2025-10-24T22:03:24,,.md,a1aa5656e6380c3403f56b3583190bc737ffb5ba0ab7967023757524cd367c98,DIRECTION.md,.\AeroVista_LLC\Technology_and_Infrastructure\NXCore\NXCOre\NXCore.starter\docs\DIRECTION.md,Envy2-0,False,2025-11-04T20:02:02,2025-10-24T22:03:24,Windows,10.0.26200,docs,AeroVista,.,2025-11-08T02:26:30.794669,706,content_asset,trcam
2025-10-24T22:03:24,,.md,7ffd1327fb67b3e186faf613f38d5326bf7dcb33b16adfdbb146601d2683f4ef,PLAN.md,.\AeroVista_LLC\Technology_and_Infrastructure\NXCore\NXCOre\NXCore.starter\docs\PLAN.md,Envy2-0,False,2025-11-04T20:02:02,2025-10-24T22:03:24,Windows,10.0.26200,docs,AeroVista,.,2025-11-08T02:26:30.831063,1293,content_asset,trcam
2025-10-24T22:03:24,,.md,bf0e67f9bb83b9bdb61844234653f85f2b8fc5c41ae3117eeeec685949dd035d,SOP_ADD_APP.md,.\AeroVista_LLC\Technology_and_Infrastructure\NXCore\NXCOre\NXCore.starter\docs\SOP_ADD_APP.md,Envy2-0,False,2025-11-04T20:02:02,2025-10-24T22:03:24,Windows,10.0.26200,docs,AeroVista,.,2025-11-08T02:26:30.871198,689,content_asset,trcam
2025-10-24T22:03:24,,.sh,1359e0003f3e0789f355261c287c0df078d54629bdcc5765ab3f006f49e8f97f,nxcore-start.sh,.\AeroVista_LLC\Technology_and_Infrastructure\NXCore\NXCOre\NXCore.starter\scripts\nxcore-start.sh,Envy2-0,False,2025-11-04T20:02:02,2025-10-24T22:03:24,Windows,10.0.26200,scripts,AeroVista,.,2025-11-08T02:26:30.920071,1336,general,trcam
2025-10-24T22:03:24,,.sh,b040f85653ac9ca1d771ebc17db6720b46fbe6201480c260b7d49abc7974cfbc,smoke-test.sh,.\AeroVista_LLC\Technology_and_Infrastructure\NXCore\NXCOre\NXCore.starter\scripts\smoke-test.sh,Envy2-0,False,2025-11-04T20:02:02,2025-10-24T22:03:24,Windows,10.0.26200,scripts,AeroVista,.,2025-11-08T02:26:30.961925,254,general,trcam
2025-10-24T22:03:24,,.service,dd28e1143109e3b34b5c15ae238de0f5ba725ce5747edc48da492d6714623631,nxcore-start.service,.\AeroVista_LLC\Technology_and_Infrastructure\NXCore\NXCOre\NXCore.starter\systemd\nxcore-start.service,Envy2-0,False,2025-11-04T20:02:02,2025-10-24T22:03:24,Windows,10.0.26200,systemd,AeroVista,.,2025-11-08T02:26:31.015471,252,general,trcam
2025-10-24T22:03:24,,.yml,77b71021d9fd27c696ca9a4d628faa6770ac841dc1fce1941681d9f112dde117,traefik-static.yml,.\AeroVista_LLC\Technology_and_Infrastructure\NXCore\NXCOre\NXCore.starter\traefik\traefik-static.yml,Envy2-0,False,2025-11-04T20:02:02,2025-10-24T22:03:24,Windows,10.0.26200,traefik,AeroVista,.,2025-11-08T02:26:31.070684,242,general,trcam
2025-10-24T22:03:24,,.yml,307fe3dc316f0ccf653cac1c6d03a9a6eef4978bd91baedbdef9172adc247b80,middlewares.yml,.\AeroVista_LLC\Technology_and_Infrastructure\NXCore\NXCOre\NXCore.starter\traefik\dynamic\middlewares.yml,Envy2-0,False,2025-11-04T20:02:02,2025-10-24T22:03:24,Windows,10.0.26200,dynamic,AeroVista,.,2025-11-08T02:26:31.129862,393,general,trcam
2025-10-24T22:03:24,,.yml,3635382c2e59ec069a9cff19cc7cb3ffb073b3e2879ac6dca87407051373fdcd,tls.yml,.\AeroVista_LLC\Technology_and_Infrastructure\NXCore\NXCOre\NXCore.starter\traefik\dynamic\tls.yml,Envy2-0,False,2025-11-04T20:02:02,2025-10-24T22:03:24,Windows,10.0.26200,dynamic,AeroVista,.,2025-11-08T02:26:31.175148,91,general,trcam
2025-09-17T12:24:02,,.md,66b5270e64a2990338027f783592efa5ad5db87013934014426001b42a50e75f,py-board_Documentation.md,.\AeroVista_LLC\Technology_and_Infrastructure\Ops_Hub\py-board_Documentation.md,Envy2-0,False,2025-11-04T20:02:00,2025-09-17T12:24:02,Windows,10.0.26200,Ops_Hub,AeroVista,.,2025-11-08T02:26:31.237197,8586,content_asset,trcam
2025-11-03T20:05:48.580000,,.txt,d96cc09320e6f03f11644e66cafe2a43981ca534d326cf6883adeb6237fb696f,doc_analysis_results.txt,.\Reports_and_Logs\doc_analysis_results.txt,Envy2-0,False,2025-11-05T21:32:44,2025-11-03T20:05:48.580000,Windows,10.0.26200,Reports_and_Logs,Unknown,.,2025-11-08T02:26:31.374882,816,content_asset,trcam
2025-11-04T07:22:57.500000,.\Post-Its\EOD-REPORT.md,.md,9ab89d1a6ddb2b5fbbf8d10896cddfd9face63ac3d8e82293245e29e07adb686,EOD-REPORT.md,.\Reports_and_Logs\EOD-REPORT.md,Envy2-0,True,2025-11-05T21:32:44,2025-11-04T07:22:57.500000,Windows,10.0.26200,Reports_and_Logs,Unknown,.,2025-11-08T02:26:31.439481,11933,content_asset,trcam
2025-11-03T20:20:45.990000,,.txt,925bb5331768cf228c9a6c3dfd40c8c4dbdc92e795b100f02e1c702f7e8631a0,phrase_context.txt,.\Reports_and_Logs\phrase_context.txt,Envy2-0,False,2025-11-05T21:32:44,2025-11-03T20:20:45.990000,Windows,10.0.26200,Reports_and_Logs,Unknown,.,2025-11-08T02:26:31.494826,19406,content_asset,trcam
2025-11-03T21:26:41.370000,,.docx,0000d25efc2b432fe265757bbc4bfb44e7b12f765469db845792802265e3ae58,Status Report AeroVista LLC .docx,.\Reports_and_Logs\Status Report AeroVista LLC .docx,Envy2-0,False,2025-11-05T21:32:44,2025-11-03T21:26:41.370000,Windows,10.0.26200,Reports_and_Logs,AeroVista,.,2025-11-08T02:26:31.543323,15674,general,trcam
2025-10-24T17:02:24,,.txt,45e01cd8e2fad147369bc0115b359a362703e61e16cc2278c0f8588429b79787,status. md.txt,.\Archived_Notes\status. md.txt,Envy2-0,False,2025-11-05T21:32:44,2025-10-24T17:02:24,Windows,10.0.26200,Archived_Notes,Unknown,.,2025-11-08T02:26:31.599792,9651,content_asset,trcam
2025-10-24T17:14:32,,.txt,45618b6e9eb2d292510dd8f0e307d50b3343d9420f77dfb134505e21df2f7bd4,status3.md.txt,.\Archived_Notes\status3.md.txt,Envy2-0,False,2025-11-05T21:32:44,2025-10-24T17:14:32,Windows,10.0.26200,Archived_Notes,Unknown,.,2025-11-08T02:26:31.656099,5585,content_asset,trcam
2025-10-24T17:18:58,,.txt,5720c980a5d72d87aeb073b4f71371e93ddfdb814b4f32bb0a659ee4694d2a13,status4.md.txt,.\Archived_Notes\status4.md.txt,Envy2-0,False,2025-11-05T21:32:44,2025-10-24T17:18:58,Windows,10.0.26200,Archived_Notes,Unknown,.,2025-11-08T02:26:31.695958,3317,content_asset,trcam
2025-10-24T17:25:36,,.txt,e7a994acc42a19510662b312f49c7c606e1b1f8ec9f90b4a5c0154e3c173da81,statusALL.md.txt,.\Archived_Notes\statusALL.md.txt,Envy2-0,False,2025-11-05T21:32:44,2025-10-24T17:25:36,Windows,10.0.26200,Archived_Notes,Unknown,.,2025-11-08T02:26:31.746375,10802,content_asset,trcam
2025-10-24T17:07:36,,.txt,90ac69a998b072c79168aa5662f6b9d6f447ee1314894b63a86dde9e2f22b7c1,staus2.md.txt,.\Archived_Notes\staus2.md.txt,Envy2-0,False,2025-11-05T21:32:44,2025-10-24T17:07:36,Windows,10.0.26200,Archived_Notes,Unknown,.,2025-11-08T02:26:31.805662,13581,content_asset,trcam
